{
  "project_info": {
    "project_number": "563628459438",
    "firebase_url": "https://fantasy-hockey-59f8d.firebaseio.com",
    "project_id": "fantasy-hockey-59f8d",
    "storage_bucket": "fantasy-hockey-59f8d.appspot.com"
  },
  "client": [
    {
      "client_info": {
        "mobilesdk_app_id": "1:563628459438:android:c0fe057e68ecd75b",
        "android_client_info": {
          "package_name": "com.example.fantasy_hockey"
        }
      },
      "oauth_client": [
        {
          "client_id": "563628459438-57r1p98p0qf7ha95mdobsu6hekvthetc.apps.googleusercontent.com",
          "client_type": 1,
          "android_info": {
            "package_name": "com.example.fantasy_hockey",
            "certificate_hash": "087c5d303cc7557eedbd98e98931a0eb7bfabc0b"
          }
        },
        {
          "client_id": "563628459438-0qu8g8s24dehm2go851lm2ll0oojrdsq.apps.googleusercontent.com",
          "client_type": 3
        }
      ],
      "api_key": [
        {
          "current_key": "AIzaSyAfXF1XJFFVaTp4hTbyNf_UXnHLh06CYqE"
        }
      ],
      "services": {
        "appinvite_service": {
          "other_platform_oauth_client": [
            {
              "client_id": "563628459438-0qu8g8s24dehm2go851lm2ll0oojrdsq.apps.googleusercontent.com",
              "client_type": 3
            }
          ]
        }
      }
    }
  ],
  "configuration_version": "1"
}